<application>
  <component name="DiffSettings">
    <option name="PLACES_MAP">
      <entry key="CommitDialog">
        <PlaceSettings>
          <option name="DIFF_TOOLS_ORDER">
            <list>
              <option value="com.intellij.openapi.vcs.changes.patch.tool.ApplyPatchDiffTool" />
              <option value="com.intellij.openapi.vcs.changes.patch.tool.PatchDiffTool" />
              <option value="org.jetbrains.idea.svn.difftool.properties.SvnPropertiesDiffTool" />
              <option value="org.jetbrains.idea.svn.difftool.SvnPhantomChangeDiffRequestProvider.SvnPhantomDiffTool" />
              <option value="org.jetbrains.idea.svn.difftool.SvnTreeConflictDiffRequestProvider.SvnTreeConflictDiffTool" />
              <option value="com.intellij.diff.tools.simple.SimpleDiffTool" />
              <option value="com.intellij.diff.tools.fragmented.UnifiedDiffTool" />
              <option value="com.intellij.diff.tools.binary.BinaryDiffTool" />
              <option value="com.intellij.diff.tools.dir.DirDiffTool" />
            </list>
          </option>
        </PlaceSettings>
      </entry>
      <entry key="Default">
        <PlaceSettings>
          <option name="DIFF_TOOLS_ORDER">
            <list>
              <option value="com.intellij.openapi.vcs.changes.patch.tool.ApplyPatchDiffTool" />
              <option value="com.intellij.openapi.vcs.changes.patch.tool.PatchDiffTool" />
              <option value="org.jetbrains.idea.svn.difftool.properties.SvnPropertiesDiffTool" />
              <option value="org.jetbrains.idea.svn.difftool.SvnPhantomChangeDiffRequestProvider.SvnPhantomDiffTool" />
              <option value="org.jetbrains.idea.svn.difftool.SvnTreeConflictDiffRequestProvider.SvnTreeConflictDiffTool" />
              <option value="com.intellij.diff.tools.simple.SimpleDiffTool" />
              <option value="com.intellij.diff.tools.fragmented.UnifiedDiffTool" />
              <option value="com.intellij.diff.tools.binary.BinaryDiffTool" />
              <option value="com.intellij.diff.tools.dir.DirDiffTool" />
            </list>
          </option>
        </PlaceSettings>
      </entry>
    </option>
  </component>
  <component name="ExternalDiffSettings">
    <option name="DIFF_ENABLED" value="false" />
    <option name="DIFF_DEFAULT" value="false" />
    <option name="DIFF_EXE_PATH" value="C:\Program Files\Perforce\p4merge.exe" />
    <option name="DIFF_PARAMETERS" value="%1 %2 %3" />
    <option name="MERGE_ENABLED" value="false" />
    <option name="MERGE_EXE_PATH" value="C:\Program Files\Perforce\p4merge.exe" />
    <option name="MERGE_PARAMETERS" value="%1 %2 %3 %4" />
    <option name="MERGE_TRUST_EXIT_CODE" value="true" />
  </component>
  <component name="TextDiffSettings">
    <option name="PLACES_MAP">
      <entry key="ApplyPatch">
        <PlaceSettings>
          <option name="HIGHLIGHTING_LEVEL" value="SIMPLE" />
        </PlaceSettings>
      </entry>
      <entry key="CommitDialog">
        <PlaceSettings />
      </entry>
    </option>
  </component>
</application>