<application>
  <component name="MaterialThemeConfig">
    <option name="arrowsStyle" value="Arrows" />
    <option name="allowDataCollection" value="true" />
    <option name="compactDropdowns" value="true" />
    <option name="compactSidebar" value="true" />
    <option name="darkTitleBar" value="true" />
    <option name="highlightColorEnabled" value="true" />
    <option name="isCompactMenus" value="true" />
    <option name="isCompactStatusBar" value="true" />
    <option name="isCompactTables" value="true" />
    <option name="isContrastMode" value="true" />
    <option name="isHighContrast" value="true" />
    <option name="isWizardShown" value="true" />
    <option name="pristineConfig" value="false" />
    <option name="useMaterialFont2" value="true" />
    <option name="useMaterialIcons" value="false" />
    <option name="rightTreeIndent" value="6" />
    <option name="settingsSelectedTab" value="6" />
    <option name="accentColor" value="ff9800" />
    <option name="highlightColor" value="80cbc4" />
    <option name="selectedTheme" value="CUSTOM" />
    <option name="userId" value="-4d7030b7:166199c67dd:-7fff" />
    <option name="version" value="3.10.0" />
    <option name="tabHighlightPosition" value="Top-Bottom" />
  </component>
</application>