<application>
  <component name="CodotaSettings">
    <option name="methodCompletionsPercentageSet" value="true" />
    <option name="overrideDoubleCtrlOpenSearch" value="true" />
    <option name="id" value="d587353f-a25a-46ba-ac32-4a82ad47941a" />
    <option name="wasRunBefore" value="true" />
    <option name="firstRun" value="1549505951643" />
    <option name="generation" value="10" />
    <option name="updateGeneration" value="1" />
    <option name="isMethodCompletionsPercentageActive" value="true" />
    <option name="isMethodCompletionsPercentageSet" value="true" />
    <option name="isOverrideDoubleCtrlOpenSearch" value="true" />
  </component>
</application>