<application>
  <component name="UISettings">
    <option name="MAX_LOOKUP_WIDTH2" value="1034" />
    <option name="OVERRIDE_NONIDEA_LAF_FONTS" value="true" />
    <option name="PIN_FIND_IN_PATH_POPUP" value="true" />
    <option name="SHOW_MAIN_TOOLBAR" value="true" />
    <option name="SHOW_MEMORY_INDICATOR" value="true" />
    <option name="smoothScrolling" value="true" />
    <option name="USE_SMALL_LABELS_ON_TABS" value="true" />
    <option name="WIDESCREEN_SUPPORT" value="true" />
  </component>
</application>